<?xml version="1.0" encoding="UTF-8" standalone="yes"?>
<addon id="repository.lemonzpcmr" name="LemonzPCMR Repository" version="1.2.2" provider-name="lemonzpcmr">
    <extension point="xbmc.addon.repository" name="LemonzPCMR Repository">
        <dir>
            <info compressed="false">https://raw.githubusercontent.com/LemonzPCMR/repository.lemonzpcmr/master/repo/zips/addons.xml</info>
            <checksum>https://raw.githubusercontent.com/LemonzPCMR/repository.lemonzpcmr/master/repo/zips/addons.xml.md5</checksum>
            <datadir zip="true">https://raw.githubusercontent.com/LemonzPCMR/repository.lemonzpcmr/master/repo/zips/</datadir>
        </dir>
    </extension>
    <extension point="xbmc.addon.metadata">
        <summary>Lemonz Repository</summary>
        <description>Lemonz Kodi Omega Repository</description>
        <disclaimer></disclaimer>
        <platform>all</platform>
        <assets>
            <icon>icon.png</icon>
            <fanart>fanart.jpg</fanart>
        </assets>
    </extension>
</addon>